ref_pos,ref_aa,consensus_aa,gap_rate,nongap_count,conservation,entropy,top_aas,site_category
1,M,M,0.0037267080745341614,1604,1.0,0.0,M:1604,Critical
2,G,G,0.004968944099378882,1602,1.0,0.0,G:1602,Critical
3,V,V,0.0037267080745341614,1604,1.0,0.0,V:1604,Critical
4,T,T,0.0037267080745341614,1604,1.0,0.0,T:1604,Critical
5,G,G,0.0037267080745341614,1604,1.0,0.0,G:1604,Critical
6,I,I,0.0037267080745341614,1604,1.0,0.0,I:1604,Critical
7,L,L,0.0037267080745341614,1604,1.0,0.0,L:1604,Critical
8,Q,Q,0.004347826086956522,1603,1.0,0.0,Q:1603,Critical
9,L,L,0.006211180124223602,1600,1.0,0.0,L:1600,Critical
10,P,P,0.004968944099378882,1602,1.0,0.0,P:1602,Critical
11,R,R,0.004347826086956522,1603,1.0,0.0,R:1603,Critical
12,D,D,0.004347826086956522,1603,1.0,0.0,D:1603,Critical
13,R,R,0.004347826086956522,1603,1.0,0.0,R:1603,Critical
14,F,F,0.004347826086956522,1603,0.9993761696818465,0.0075413622326805894,F:1602;S:1,Critical
15,K,K,0.004347826086956522,1603,1.0,0.0,K:1603,Critical
16,R,R,0.004347826086956522,1603,0.9993761696818465,0.0075413622326805894,R:1602;K:1,Critical
17,T,T,0.0037267080745341614,1604,0.9993765586034913,0.00753722173064315,T:1603;R:1,Critical
18,S,S,0.0037267080745341614,1604,1.0,0.0,S:1604,Critical
19,F,F,0.0037267080745341614,1604,1.0,0.0,F:1604,Critical
20,F,F,0.0037267080745341614,1604,1.0,0.0,F:1604,Critical
21,L,L,0.0037267080745341614,1604,1.0,0.0,L:1604,Critical
22,W,W,0.007453416149068323,1598,1.0,0.0,W:1598,Critical
23,V,V,0.004968944099378882,1602,1.0,0.0,V:1602,Critical
24,I,I,0.004347826086956522,1603,0.9912663755458515,0.07227581161206317,I:1589;V:14,Critical
25,I,I,0.0037267080745341614,1604,1.0,0.0,I:1604,Critical
26,L,L,0.0037267080745341614,1604,0.9987531172069826,0.0138269995729043,L:1602;I:2,Critical
27,F,F,0.006211180124223602,1600,0.99875,0.01385706146290785,F:1598;L:2,Critical
28,Q,Q,0.0037267080745341614,1604,1.0,0.0,Q:1604,Critical
29,R,R,0.0037267080745341614,1604,0.9806733167082294,0.13764319298181038,R:1573;K:31,Critical
30,T,T,0.0037267080745341614,1604,1.0,0.0,T:1604,Critical
31,F,F,0.004347826086956522,1603,0.9993761696818465,0.0075413622326805894,F:1602;S:1,Critical
32,S,S,0.0037267080745341614,1604,1.0,0.0,S:1604,Critical
33,I,I,0.0037267080745341614,1604,1.0,0.0,I:1604,Critical
34,P,P,0.004968944099378882,1602,1.0,0.0,P:1602,Critical
35,L,L,0.0037267080745341614,1604,1.0,0.0,L:1604,Critical
36,G,G,0.0037267080745341614,1604,1.0,0.0,G:1604,Critical
37,V,V,0.004347826086956522,1603,1.0,0.0,V:1603,Critical
38,I,I,0.004347826086956522,1603,1.0,0.0,I:1603,Critical
39,H,H,0.0037267080745341614,1604,1.0,0.0,H:1604,Critical
40,N,N,0.0037267080745341614,1604,1.0,0.0,N:1604,Critical
41,S,S,0.003105590062111801,1605,1.0,0.0,S:1605,Critical
42,T,T,0.0037267080745341614,1604,1.0,0.0,T:1604,Critical
43,L,L,0.0037267080745341614,1604,1.0,0.0,L:1604,Critical
44,Q,Q,0.002484472049689441,1606,0.9993773349937733,0.007528955147754657,Q:1605;R:1,Critical
45,V,V,0.002484472049689441,1606,1.0,0.0,V:1606,Critical
46,S,S,0.003105590062111801,1605,0.9993769470404984,0.007533086038517781,S:1604;N:1,Critical
47,D,D,0.0037267080745341614,1604,1.0,0.0,D:1604,Critical
48,V,V,0.003105590062111801,1605,1.0,0.0,V:1605,Critical
49,D,D,0.003105590062111801,1605,1.0,0.0,D:1605,Critical
50,K,K,0.003105590062111801,1605,1.0,0.0,K:1605,Critical
51,L,L,0.003105590062111801,1605,1.0,0.0,L:1605,Critical
52,V,V,0.002484472049689441,1606,0.9993773349937733,0.007528955147754657,V:1605;F:1,Critical
53,C,C,0.002484472049689441,1606,1.0,0.0,C:1606,Critical
54,R,R,0.002484472049689441,1606,0.9975093399750934,0.027151758948872985,R:1602;H:3;D:1,Critical
55,D,D,0.003105590062111801,1605,1.0,0.0,D:1605,Critical
56,K,K,0.0037267080745341614,1604,1.0,0.0,K:1604,Critical
57,L,L,0.003105590062111801,1605,1.0,0.0,L:1605,Critical
58,S,S,0.003105590062111801,1605,1.0,0.0,S:1605,Critical
59,S,S,0.003105590062111801,1605,1.0,0.0,S:1605,Critical
60,T,T,0.003105590062111801,1605,1.0,0.0,T:1605,Critical
61,N,N,0.003105590062111801,1605,1.0,0.0,N:1605,Critical
62,Q,Q,0.003105590062111801,1605,1.0,0.0,Q:1605,Critical
63,L,L,0.003105590062111801,1605,1.0,0.0,L:1605,Critical
64,R,R,0.003105590062111801,1605,1.0,0.0,R:1605,Critical
65,S,S,0.003105590062111801,1605,1.0,0.0,S:1605,Critical
66,V,V,0.003105590062111801,1605,1.0,0.0,V:1605,Critical
67,G,G,0.003105590062111801,1605,1.0,0.0,G:1605,Critical
68,L,L,0.003105590062111801,1605,1.0,0.0,L:1605,Critical
69,N,N,0.003105590062111801,1605,1.0,0.0,N:1605,Critical
70,L,L,0.003105590062111801,1605,1.0,0.0,L:1605,Critical
71,E,E,0.003105590062111801,1605,1.0,0.0,E:1605,Critical
72,G,G,0.004347826086956522,1603,1.0,0.0,G:1603,Critical
73,N,N,0.003105590062111801,1605,1.0,0.0,N:1605,Critical
74,G,G,0.002484472049689441,1606,1.0,0.0,G:1606,Critical
75,V,V,0.002484472049689441,1606,0.9968866749688667,0.030410258405879773,V:1601;A:5,Critical
76,A,A,0.003105590062111801,1605,1.0,0.0,A:1605,Critical
77,T,T,0.002484472049689441,1606,1.0,0.0,T:1606,Critical
78,D,D,0.002484472049689441,1606,1.0,0.0,D:1606,Critical
79,V,V,0.003105590062111801,1605,1.0,0.0,V:1605,Critical
80,P,P,0.002484472049689441,1606,1.0,0.0,P:1606,Critical
81,S,S,0.002484472049689441,1606,0.9993773349937733,0.007528955147754657,S:1605;A:1,Critical
82,A,V,0.002484472049689441,1606,0.9234122042341221,0.3952579646512564,V:1483;A:122;T:1,Conserved
83,T,T,0.002484472049689441,1606,0.9993773349937733,0.007528955147754657,T:1605;R:1,Critical
84,K,K,0.004347826086956522,1603,1.0,0.0,K:1603,Critical
85,R,R,0.003105590062111801,1605,1.0,0.0,R:1605,Critical
86,W,W,0.003105590062111801,1605,1.0,0.0,W:1605,Critical
87,G,G,0.0037267080745341614,1604,1.0,0.0,G:1604,Critical
88,F,F,0.003105590062111801,1605,1.0,0.0,F:1605,Critical
89,R,R,0.0037267080745341614,1604,1.0,0.0,R:1604,Critical
90,S,S,0.0037267080745341614,1604,1.0,0.0,S:1604,Critical
91,G,G,0.004347826086956522,1603,1.0,0.0,G:1603,Critical
92,V,V,0.0037267080745341614,1604,1.0,0.0,V:1604,Critical
93,P,P,0.004347826086956522,1603,1.0,0.0,P:1603,Critical
94,P,P,0.003105590062111801,1605,1.0,0.0,P:1605,Critical
95,K,K,0.0037267080745341614,1604,1.0,0.0,K:1604,Critical
96,V,V,0.003105590062111801,1605,1.0,0.0,V:1605,Critical
97,V,V,0.002484472049689441,1606,1.0,0.0,V:1606,Critical
98,N,N,0.002484472049689441,1606,1.0,0.0,N:1606,Critical
99,Y,Y,0.002484472049689441,1606,1.0,0.0,Y:1606,Critical
100,E,E,0.002484472049689441,1606,1.0,0.0,E:1606,Critical
101,A,A,0.003105590062111801,1605,0.9993769470404984,0.007533086038517781,A:1604;T:1,Critical
102,G,G,0.0037267080745341614,1604,1.0,0.0,G:1604,Critical
103,E,E,0.003105590062111801,1605,1.0,0.0,E:1605,Critical
104,W,W,0.003105590062111801,1605,1.0,0.0,W:1605,Critical
105,A,A,0.003105590062111801,1605,1.0,0.0,A:1605,Critical
106,E,E,0.0037267080745341614,1604,1.0,0.0,E:1604,Critical
107,N,N,0.0037267080745341614,1604,0.9607231920199502,0.2389664987991978,N:1541;D:63,Critical
108,C,C,0.0037267080745341614,1604,1.0,0.0,C:1604,Critical
109,Y,Y,0.0037267080745341614,1604,1.0,0.0,Y:1604,Critical
110,N,N,0.004968944099378882,1602,1.0,0.0,N:1602,Critical
111,L,L,0.004968944099378882,1602,0.9993757802746567,0.007545507553199908,L:1601;F:1,Critical
112,E,E,0.004347826086956522,1603,1.0,0.0,E:1603,Critical
113,I,I,0.004347826086956522,1603,1.0,0.0,I:1603,Critical
114,K,K,0.02857142857142857,1564,1.0,0.0,K:1564,Critical
115,K,K,0.007453416149068323,1598,1.0,0.0,K:1598,Critical
116,P,P,0.004347826086956522,1603,1.0,0.0,P:1603,Critical
117,D,D,0.004347826086956522,1603,1.0,0.0,D:1603,Critical
118,G,G,0.004347826086956522,1603,1.0,0.0,G:1603,Critical
119,S,S,0.0037267080745341614,1604,1.0,0.0,S:1604,Critical
120,E,E,0.004347826086956522,1603,1.0,0.0,E:1603,Critical
121,C,C,0.0037267080745341614,1604,1.0,0.0,C:1604,Critical
122,L,L,0.004347826086956522,1603,1.0,0.0,L:1603,Critical
123,P,P,0.0055900621118012426,1601,0.9993753903810119,0.007549657700791915,P:1600;Q:1,Critical
124,A,A,0.0068322981366459624,1599,1.0,0.0,A:1599,Critical
125,A,A,0.008074534161490683,1597,1.0,0.0,A:1597,Critical
126,P,P,0.008074534161490683,1597,1.0,0.0,P:1597,Critical
127,D,D,0.007453416149068323,1598,1.0,0.0,D:1598,Critical
128,G,G,0.008695652173913044,1596,1.0,0.0,G:1596,Critical
129,I,I,0.008074534161490683,1597,0.9993738259236068,0.007566306734423636,I:1596;V:1,Critical
130,R,R,0.008695652173913044,1596,1.0,0.0,R:1596,Critical
131,G,G,0.008695652173913044,1596,0.9993734335839599,0.007570481146963806,G:1595;S:1,Critical
132,F,F,0.007453416149068323,1598,0.9993742177722152,0.007562137192220562,F:1597;I:1,Critical
133,P,P,0.008074534161490683,1597,0.9993738259236068,0.007566306734423636,P:1596;F:1,Critical
134,R,R,0.009316770186335404,1595,1.0,0.0,R:1595,Critical
135,C,C,0.009316770186335404,1595,1.0,0.0,C:1595,Critical
136,R,R,0.009316770186335404,1595,0.9987460815047022,0.01514875342977492,R:1593;Y:1;W:1,Critical
137,Y,Y,0.009316770186335404,1595,0.9993730407523511,0.007574660438556455,Y:1594;H:1,Critical
138,V,V,0.008695652173913044,1596,1.0,0.0,V:1596,Critical
139,H,H,0.007453416149068323,1598,1.0,0.0,H:1598,Critical
140,K,K,0.0068322981366459624,1599,1.0,0.0,K:1599,Critical
141,V,V,0.0055900621118012426,1601,1.0,0.0,V:1601,Critical
142,S,S,0.004968944099378882,1602,1.0,0.0,S:1602,Critical
143,G,G,0.0055900621118012426,1601,1.0,0.0,G:1601,Critical
144,T,T,0.0055900621118012426,1601,1.0,0.0,T:1601,Critical
145,G,G,0.0055900621118012426,1601,1.0,0.0,G:1601,Critical
146,P,P,0.0055900621118012426,1601,1.0,0.0,P:1601,Critical
147,C,C,0.0055900621118012426,1601,1.0,0.0,C:1601,Critical
148,A,A,0.004968944099378882,1602,1.0,0.0,A:1602,Critical
149,G,G,0.004968944099378882,1602,1.0,0.0,G:1602,Critical
150,D,D,0.004347826086956522,1603,0.9975046787273861,0.025171434206294224,D:1599;A:4,Critical
151,F,F,0.004347826086956522,1603,1.0,0.0,F:1603,Critical
152,A,A,0.004347826086956522,1603,1.0,0.0,A:1603,Critical
153,F,F,0.0037267080745341614,1604,1.0,0.0,F:1604,Critical
154,H,H,0.003105590062111801,1605,1.0,0.0,H:1605,Critical
155,K,K,0.003105590062111801,1605,1.0,0.0,K:1605,Critical
156,E,E,0.0037267080745341614,1604,1.0,0.0,E:1604,Critical
157,G,G,0.0037267080745341614,1604,1.0,0.0,G:1604,Critical
158,A,A,0.003105590062111801,1605,1.0,0.0,A:1605,Critical
159,F,F,0.003105590062111801,1605,1.0,0.0,F:1605,Critical
160,F,F,0.003105590062111801,1605,1.0,0.0,F:1605,Critical
161,L,L,0.002484472049689441,1606,1.0,0.0,L:1606,Critical
162,Y,Y,0.002484472049689441,1606,1.0,0.0,Y:1606,Critical
163,D,D,0.002484472049689441,1606,0.9993773349937733,0.007528955147754657,D:1605;N:1,Critical
164,R,R,0.002484472049689441,1606,1.0,0.0,R:1606,Critical
165,L,L,0.002484472049689441,1606,1.0,0.0,L:1606,Critical
166,A,A,0.002484472049689441,1606,1.0,0.0,A:1606,Critical
167,S,S,0.002484472049689441,1606,1.0,0.0,S:1606,Critical
168,T,T,0.002484472049689441,1606,1.0,0.0,T:1606,Critical
169,V,V,0.002484472049689441,1606,1.0,0.0,V:1606,Critical
170,I,I,0.002484472049689441,1606,1.0,0.0,I:1606,Critical
171,Y,Y,0.002484472049689441,1606,1.0,0.0,Y:1606,Critical
172,R,R,0.0037267080745341614,1604,1.0,0.0,R:1604,Critical
173,G,G,0.003105590062111801,1605,1.0,0.0,G:1605,Critical
174,T,T,0.20372670807453416,1282,1.0,0.0,T:1282,Conserved
175,T,T,0.003105590062111801,1605,1.0,0.0,T:1605,Critical
176,F,F,0.002484472049689441,1606,1.0,0.0,F:1606,Critical
177,A,A,0.002484472049689441,1606,1.0,0.0,A:1606,Critical
178,E,E,0.002484472049689441,1606,1.0,0.0,E:1606,Critical
179,G,G,0.002484472049689441,1606,1.0,0.0,G:1606,Critical
180,V,V,0.002484472049689441,1606,1.0,0.0,V:1606,Critical
181,V,V,0.002484472049689441,1606,0.9987546699875467,0.013812020584753996,V:1604;I:2,Critical
182,A,A,0.0018633540372670807,1607,1.0,0.0,A:1607,Critical
183,F,F,0.0018633540372670807,1607,1.0,0.0,F:1607,Critical
184,L,L,0.0018633540372670807,1607,1.0,0.0,L:1607,Critical
185,I,I,0.002484472049689441,1606,1.0,0.0,I:1606,Critical
186,L,L,0.003105590062111801,1605,1.0,0.0,L:1605,Critical
187,P,P,0.003105590062111801,1605,1.0,0.0,P:1605,Critical
188,Q,Q,0.003105590062111801,1605,1.0,0.0,Q:1605,Critical
189,A,A,0.002484472049689441,1606,1.0,0.0,A:1606,Critical
190,K,K,0.002484472049689441,1606,1.0,0.0,K:1606,Critical
191,K,K,0.002484472049689441,1606,1.0,0.0,K:1606,Critical
192,D,D,0.003105590062111801,1605,1.0,0.0,D:1605,Critical
193,F,F,0.002484472049689441,1606,1.0,0.0,F:1606,Critical
194,F,F,0.002484472049689441,1606,1.0,0.0,F:1606,Critical
195,S,S,0.002484472049689441,1606,1.0,0.0,S:1606,Critical
196,S,S,0.002484472049689441,1606,1.0,0.0,S:1606,Critical
197,H,H,0.002484472049689441,1606,0.9993773349937733,0.007528955147754657,H:1605;L:1,Critical
198,P,P,0.004968944099378882,1602,1.0,0.0,P:1602,Critical
199,L,L,0.0037267080745341614,1604,1.0,0.0,L:1604,Critical
200,R,R,0.0037267080745341614,1604,0.9993765586034913,0.00753722173064315,R:1603;L:1,Critical
201,E,E,0.003105590062111801,1605,1.0,0.0,E:1605,Critical
202,P,P,0.002484472049689441,1606,0.9937733499377335,0.0575001107527786,P:1596;L:9;E:1,Critical
203,V,V,0.002484472049689441,1606,1.0,0.0,V:1606,Critical
204,N,N,0.002484472049689441,1606,1.0,0.0,N:1606,Critical
205,A,A,0.002484472049689441,1606,1.0,0.0,A:1606,Critical
206,T,T,0.002484472049689441,1606,0.9975093399750934,0.025131140955201418,T:1602;M:4,Critical
207,E,E,0.07888198757763976,1483,1.0,0.0,E:1483,Critical
208,D,D,0.07888198757763976,1483,1.0,0.0,D:1483,Critical
209,P,P,0.07888198757763976,1483,0.9993256911665542,0.008075867432886982,P:1482;L:1,Critical
210,S,S,0.07888198757763976,1483,1.0,0.0,S:1483,Critical
211,S,S,0.07888198757763976,1483,1.0,0.0,S:1483,Critical
212,G,G,0.07888198757763976,1483,0.9979770734996628,0.02101936993520681,G:1480;D:3,Critical
213,Y,Y,0.07950310559006211,1482,1.0,0.0,Y:1482,Critical
214,Y,Y,0.07950310559006211,1482,1.0,0.0,Y:1482,Critical
215,S,S,0.07888198757763976,1483,1.0,0.0,S:1483,Critical
216,T,T,0.07888198757763976,1483,0.9993256911665542,0.008075867432886982,T:1482;P:1,Critical
217,T,T,0.07888198757763976,1483,1.0,0.0,T:1483,Critical
218,I,I,0.0037267080745341614,1604,1.0,0.0,I:1604,Critical
219,R,R,0.0037267080745341614,1604,1.0,0.0,R:1604,Critical
220,Y,Y,0.0037267080745341614,1604,1.0,0.0,Y:1604,Critical
221,Q,Q,0.003105590062111801,1605,0.9987538940809969,0.015065611680855155,Q:1603;D:1;K:1,Critical
222,A,A,0.004347826086956522,1603,0.9962570180910792,0.03556427155812541,A:1597;V:6,Critical
223,T,T,0.004347826086956522,1603,1.0,0.0,T:1603,Critical
224,G,G,0.004968944099378882,1602,0.9993757802746567,0.007545507553199908,G:1601;A:1,Critical
225,F,F,0.0055900621118012426,1601,1.0,0.0,F:1601,Critical
226,G,G,0.0055900621118012426,1601,1.0,0.0,G:1601,Critical
227,T,T,0.004968944099378882,1602,1.0,0.0,T:1602,Critical
228,N,N,0.004968944099378882,1602,1.0,0.0,N:1602,Critical
229,E,E,0.004347826086956522,1603,0.9993761696818465,0.0075413622326805894,E:1602;K:1,Critical
230,T,T,0.004347826086956522,1603,0.974422956955708,0.17170105502846378,T:1562;A:41,Critical
231,E,E,0.004968944099378882,1602,1.0,0.0,E:1602,Critical
232,Y,Y,0.004968944099378882,1602,1.0,0.0,Y:1602,Critical
233,L,L,0.003105590062111801,1605,1.0,0.0,L:1605,Critical
234,F,F,0.0037267080745341614,1604,1.0,0.0,F:1604,Critical
235,E,E,0.0037267080745341614,1604,1.0,0.0,E:1604,Critical
236,V,V,0.004347826086956522,1603,1.0,0.0,V:1603,Critical
237,D,D,0.004347826086956522,1603,1.0,0.0,D:1603,Critical
238,N,N,0.0037267080745341614,1604,1.0,0.0,N:1604,Critical
239,L,L,0.004347826086956522,1603,0.9968808484092326,0.030458743982780374,L:1598;S:5,Critical
240,T,T,0.003105590062111801,1605,0.9987538940809969,0.013819505761852039,T:1603;N:2,Critical
241,Y,Y,0.003105590062111801,1605,1.0,0.0,Y:1605,Critical
242,V,V,0.003105590062111801,1605,1.0,0.0,V:1605,Critical
243,Q,Q,0.004347826086956522,1603,1.0,0.0,Q:1603,Critical
244,L,L,0.0037267080745341614,1604,0.9993765586034913,0.00753722173064315,L:1603;P:1,Critical
245,E,E,0.0037267080745341614,1604,0.9993765586034913,0.00753722173064315,E:1603;G:1,Critical
246,S,S,0.0037267080745341614,1604,1.0,0.0,S:1604,Critical
247,R,R,0.0037267080745341614,1604,1.0,0.0,R:1604,Critical
248,F,F,0.0037267080745341614,1604,1.0,0.0,F:1604,Critical
249,T,T,0.004347826086956522,1603,1.0,0.0,T:1603,Critical
250,P,P,0.0037267080745341614,1604,1.0,0.0,P:1604,Critical
251,Q,Q,0.0037267080745341614,1604,1.0,0.0,Q:1604,Critical
252,F,F,0.0037267080745341614,1604,1.0,0.0,F:1604,Critical
253,L,L,0.0037267080745341614,1604,1.0,0.0,L:1604,Critical
254,L,L,0.0037267080745341614,1604,1.0,0.0,L:1604,Critical
255,Q,Q,0.0037267080745341614,1604,0.9993765586034913,0.00753722173064315,Q:1603;R:1,Critical
256,L,L,0.0037267080745341614,1604,1.0,0.0,L:1604,Critical
257,N,N,0.0037267080745341614,1604,1.0,0.0,N:1604,Critical
258,E,E,0.0037267080745341614,1604,0.9993765586034913,0.00753722173064315,E:1603;K:1,Critical
259,T,T,0.003105590062111801,1605,0.9993769470404984,0.007533086038517781,T:1604;E:1,Critical
260,I,I,0.0037267080745341614,1604,1.0,0.0,I:1604,Critical
261,Y,Y,0.0037267080745341614,1604,1.0,0.0,Y:1604,Critical
262,T,A,0.003105590062111801,1605,1.0,0.0,A:1605,Critical
263,S,S,0.003105590062111801,1605,1.0,0.0,S:1605,Critical
264,G,G,0.0037267080745341614,1604,1.0,0.0,G:1604,Critical
265,K,K,0.0037267080745341614,1604,1.0,0.0,K:1604,Critical
266,R,R,0.004347826086956522,1603,1.0,0.0,R:1603,Critical
267,S,S,0.003105590062111801,1605,1.0,0.0,S:1605,Critical
268,N,N,0.003105590062111801,1605,0.9993769470404984,0.007533086038517781,N:1604;T:1,Critical
269,T,T,0.0037267080745341614,1604,1.0,0.0,T:1604,Critical
270,T,T,0.004347826086956522,1603,1.0,0.0,T:1603,Critical
271,G,G,0.0055900621118012426,1601,0.9993753903810119,0.007549657700791915,G:1600;R:1,Critical
272,K,K,0.004968944099378882,1602,1.0,0.0,K:1602,Critical
273,L,L,0.004968944099378882,1602,1.0,0.0,L:1602,Critical
274,I,I,0.004968944099378882,1602,1.0,0.0,I:1602,Critical
275,W,W,0.0055900621118012426,1601,1.0,0.0,W:1601,Critical
276,K,K,0.006211180124223602,1600,1.0,0.0,K:1600,Critical
277,V,V,0.004968944099378882,1602,1.0,0.0,V:1602,Critical
278,N,N,0.004968944099378882,1602,1.0,0.0,N:1602,Critical
279,P,P,0.0068322981366459624,1599,1.0,0.0,P:1599,Critical
280,E,E,0.004968944099378882,1602,1.0,0.0,E:1602,Critical
281,I,I,0.004968944099378882,1602,1.0,0.0,I:1602,Critical
282,D,D,0.004968944099378882,1602,1.0,0.0,D:1602,Critical
283,T,T,0.004968944099378882,1602,1.0,0.0,T:1602,Critical
284,T,T,0.004968944099378882,1602,1.0,0.0,T:1602,Critical
285,I,I,0.004347826086956522,1603,1.0,0.0,I:1603,Critical
286,G,G,0.004968944099378882,1602,0.9993757802746567,0.007545507553199908,G:1601;R:1,Critical
287,E,E,0.0055900621118012426,1601,1.0,0.0,E:1601,Critical
288,W,W,0.004347826086956522,1603,1.0,0.0,W:1603,Critical
289,A,A,0.0037267080745341614,1604,0.9987531172069826,0.0138269995729043,A:1602;T:2,Critical
290,F,F,0.002484472049689441,1606,1.0,0.0,F:1606,Critical
291,W,W,0.004968944099378882,1602,0.9975031210986267,0.02518489601738248,W:1598;R:4,Critical
292,E,E,0.0037267080745341614,1604,1.0,0.0,E:1604,Critical
293,T,T,0.0037267080745341614,1604,1.0,0.0,T:1604,Critical
294,K,-,1.0,0,0.0,0.0,,MostlyGap
295,K,K,0.03540372670807453,1553,0.9993560849967804,0.0077547151120776715,K:1552;E:1,Critical
296,N,N,0.003105590062111801,1605,0.9993769470404984,0.007533086038517781,N:1604;T:1,Critical
297,L,L,0.003105590062111801,1605,0.9993769470404984,0.007533086038517781,L:1604;R:1,Critical
298,T,T,0.003105590062111801,1605,1.0,0.0,T:1605,Critical
299,R,R,0.0037267080745341614,1604,0.9987531172069826,0.0138269995729043,R:1602;K:2,Critical
300,K,K,0.012422360248447204,1590,0.9981132075471698,0.01979468245373206,K:1587;E:3,Critical
301,I,I,0.003105590062111801,1605,0.9987538940809969,0.013819505761852039,I:1603;V:2,Critical
302,R,R,0.003105590062111801,1605,1.0,0.0,R:1605,Critical
303,S,S,0.003105590062111801,1605,1.0,0.0,S:1605,Critical
304,E,E,0.003105590062111801,1605,1.0,0.0,E:1605,Critical
305,E,E,0.003105590062111801,1605,1.0,0.0,E:1605,Critical
306,L,L,0.004347826086956522,1603,1.0,0.0,L:1603,Critical
307,S,S,0.0037267080745341614,1604,1.0,0.0,S:1604,Critical
308,F,F,0.0037267080745341614,1604,1.0,0.0,F:1604,Critical
309,T,T,0.004347826086956522,1603,1.0,0.0,T:1603,Critical
310,V,A,0.004347826086956522,1603,1.0,0.0,A:1603,Critical
311,V,V,0.004347826086956522,1603,1.0,0.0,V:1603,Critical
312,S,S,0.004347826086956522,1603,1.0,0.0,S:1603,Critical
313,N,N,0.004347826086956522,1603,1.0,0.0,N:1603,Critical
314,G,G,0.0037267080745341614,1604,0.9993765586034913,0.00753722173064315,G:1603;E:1,Critical
315,A,P,0.0037267080745341614,1604,1.0,0.0,P:1604,Critical
316,K,K,0.008074534161490683,1597,0.9993738259236068,0.007566306734423636,K:1596;Q:1,Critical
317,N,N,0.0037267080745341614,1604,1.0,0.0,N:1604,Critical
318,I,I,0.0037267080745341614,1604,1.0,0.0,I:1604,Critical
319,S,S,0.003105590062111801,1605,1.0,0.0,S:1605,Critical
320,G,G,0.003105590062111801,1605,1.0,0.0,G:1605,Critical
321,Q,Q,0.003105590062111801,1605,0.9987538940809969,0.015065611680855155,Q:1603;R:1;S:1,Critical
322,S,S,0.004347826086956522,1603,1.0,0.0,S:1603,Critical
323,P,P,0.004968944099378882,1602,1.0,0.0,P:1602,Critical
324,A,A,0.0037267080745341614,1604,1.0,0.0,A:1604,Critical
325,R,R,0.004347826086956522,1603,1.0,0.0,R:1603,Critical
326,T,T,0.004347826086956522,1603,1.0,0.0,T:1603,Critical
327,S,S,0.0037267080745341614,1604,1.0,0.0,S:1604,Critical
328,S,S,0.0037267080745341614,1604,1.0,0.0,S:1604,Critical
329,D,D,0.0037267080745341614,1604,0.9993765586034913,0.00753722173064315,D:1603;G:1,Critical
330,P,P,0.0037267080745341614,1604,0.956359102244389,0.26345770770978716,P:1534;S:69;L:1,Critical
331,G,E,0.0037267080745341614,1604,1.0,0.0,E:1604,Critical
332,T,T,0.004347826086956522,1603,1.0,0.0,T:1603,Critical
333,N,N,0.0037267080745341614,1604,1.0,0.0,N:1604,Critical
334,T,T,0.0037267080745341614,1604,1.0,0.0,T:1604,Critical
335,T,T,0.0037267080745341614,1604,1.0,0.0,T:1604,Critical
336,T,N,0.0037267080745341614,1604,1.0,0.0,N:1604,Critical
337,E,E,0.0037267080745341614,1604,1.0,0.0,E:1604,Critical
338,D,D,0.0037267080745341614,1604,1.0,0.0,D:1604,Critical
339,H,H,0.004968944099378882,1602,1.0,0.0,H:1602,Critical
340,K,K,0.006211180124223602,1600,1.0,0.0,K:1600,Critical
341,I,I,0.0037267080745341614,1604,0.9993765586034913,0.00753722173064315,I:1603;N:1,Critical
342,M,M,0.0037267080745341614,1604,1.0,0.0,M:1604,Critical
343,A,A,0.0037267080745341614,1604,1.0,0.0,A:1604,Critical
344,S,S,0.0037267080745341614,1604,1.0,0.0,S:1604,Critical
345,E,E,0.0037267080745341614,1604,1.0,0.0,E:1604,Critical
346,N,N,0.0037267080745341614,1604,1.0,0.0,N:1604,Critical
347,S,S,0.0037267080745341614,1604,1.0,0.0,S:1604,Critical
348,S,S,0.0037267080745341614,1604,1.0,0.0,S:1604,Critical
349,A,A,0.0037267080745341614,1604,1.0,0.0,A:1604,Critical
350,M,M,0.0037267080745341614,1604,1.0,0.0,M:1604,Critical
351,V,V,0.0037267080745341614,1604,1.0,0.0,V:1604,Critical
352,Q,Q,0.003105590062111801,1605,0.9993769470404984,0.007533086038517781,Q:1604;H:1,Critical
353,V,V,0.0055900621118012426,1601,1.0,0.0,V:1601,Critical
354,H,H,0.003105590062111801,1605,1.0,0.0,H:1605,Critical
355,S,S,0.003105590062111801,1605,0.9993769470404984,0.007533086038517781,S:1604;G:1,Critical
356,Q,Q,0.0037267080745341614,1604,0.9987531172069826,0.015073882365921755,Q:1602;R:1;K:1,Critical
357,G,G,0.004347826086956522,1603,1.0,0.0,G:1603,Critical
358,R,R,0.004347826086956522,1603,1.0,0.0,R:1603,Critical
359,E,K,0.004347826086956522,1603,0.9925140361821585,0.06672010924892902,K:1591;I:11;A:1,Critical
360,A,A,0.004347826086956522,1603,1.0,0.0,A:1603,Critical
361,A,A,0.004968944099378882,1602,1.0,0.0,A:1602,Critical
362,V,V,0.004968944099378882,1602,1.0,0.0,V:1602,Critical
363,S,S,0.004968944099378882,1602,0.9993757802746567,0.007545507553199908,S:1601;P:1,Critical
364,H,H,0.0037267080745341614,1604,1.0,0.0,H:1604,Critical
365,L,L,0.0037267080745341614,1604,1.0,0.0,L:1604,Critical
366,T,T,0.0037267080745341614,1604,1.0,0.0,T:1604,Critical
367,T,T,0.0037267080745341614,1604,0.9981296758104738,0.02136309876257152,T:1601;A:2;L:1,Critical
368,L,L,0.004347826086956522,1603,0.9981285090455396,0.01965615797630537,L:1600;P:3,Critical
369,A,A,0.004347826086956522,1603,1.0,0.0,A:1603,Critical
370,T,T,0.0037267080745341614,1604,0.9993765586034913,0.00753722173064315,T:1603;A:1,Critical
371,I,I,0.0037267080745341614,1604,0.9064837905236908,0.5116970510719837,I:1454;V:123;L:27,Conserved
372,S,S,0.004347826086956522,1603,1.0,0.0,S:1603,Critical
373,T,T,0.004347826086956522,1603,1.0,0.0,T:1603,Critical
374,S,S,0.0037267080745341614,1604,0.9993765586034913,0.00753722173064315,S:1603;T:1,Critical
375,P,P,0.004968944099378882,1602,0.9987515605493134,0.013842013158048753,P:1600;S:2,Critical
376,Q,Q,0.0037267080745341614,1604,0.9993765586034913,0.00753722173064315,Q:1603;H:1,Critical
377,S,P,0.0037267080745341614,1604,0.9993765586034913,0.00753722173064315,P:1603;T:1,Critical
378,L,P,0.004347826086956522,1603,0.9993761696818465,0.0075413622326805894,P:1602;L:1,Critical
379,T,T,0.004347826086956522,1603,0.9993761696818465,0.0075413622326805894,T:1602;K:1,Critical
380,T,T,0.0037267080745341614,1604,0.9987531172069826,0.015073882365921755,T:1602;I:1;S:1,Critical
381,K,K,0.004347826086956522,1603,0.9993761696818465,0.0075413622326805894,K:1602;T:1,Critical
382,P,T,0.004968944099378882,1602,1.0,0.0,T:1602,Critical
383,G,G,0.06956521739130435,1498,0.9993324432576769,0.00800469646312368,G:1497;V:1,Critical
384,P,P,0.006211180124223602,1600,0.99875,0.015107061462907849,P:1598;L:1;S:1,Critical
385,D,D,0.004968944099378882,1602,0.9993757802746567,0.007545507553199908,D:1601;G:1,Critical
386,N,N,0.004968944099378882,1602,1.0,0.0,N:1602,Critical
387,S,S,0.004347826086956522,1603,1.0,0.0,S:1603,Critical
388,T,T,0.004347826086956522,1603,0.9981285090455396,0.01965615797630537,T:1600;A:3,Critical
389,H,H,0.004968944099378882,1602,0.9987515605493134,0.013842013158048753,H:1600;R:2,Critical
390,N,N,0.004347826086956522,1603,0.9987523393636931,0.013834502033195917,N:1601;D:2,Critical
391,T,T,0.004968944099378882,1602,0.9993757802746567,0.007545507553199908,T:1601;V:1,Critical
392,P,P,0.008074534161490683,1597,0.9993738259236068,0.007566306734423636,P:1596;L:1,Critical
393,V,V,0.008074534161490683,1597,1.0,0.0,V:1597,Critical
394,Y,Y,0.007453416149068323,1598,0.9993742177722152,0.007562137192220562,Y:1597;V:1,Critical
395,K,K,0.007453416149068323,1598,0.9993742177722152,0.007562137192220562,K:1597;A:1,Critical
396,L,L,0.008695652173913044,1596,1.0,0.0,L:1596,Critical
397,D,D,0.009316770186335404,1595,1.0,0.0,D:1595,Critical
398,I,I,0.009937888198757764,1594,1.0,0.0,I:1594,Critical
399,S,S,0.009937888198757764,1594,0.9993726474278545,0.007578844617938171,S:1593;E:1,Critical
400,E,E,0.010559006211180125,1593,0.9993722536095417,0.0075830336938666545,E:1592;S:1,Critical
401,A,A,0.013043478260869565,1589,0.9987413467589679,0.015199106535785538,A:1587;T:1;P:1,Critical
402,T,T,0.013664596273291925,1588,0.9993702770780857,0.007604052829712321,T:1587;P:1,Critical
403,Q,Q,0.014285714285714285,1587,0.9993698802772527,0.007608271470021327,Q:1586;L:1,Critical
404,V,V,0.014906832298136646,1586,0.9987389659520807,0.015224416229765603,V:1584;A:1;K:1,Critical
405,E,G,0.013664596273291925,1588,0.9981108312342569,0.02155099489646546,G:1585;E:2;A:1,Critical
406,Q,Q,0.013043478260869565,1589,0.9974826935179358,0.027403547378982686,Q:1585;N:3;E:1,Critical
407,H,H,0.012422360248447204,1590,0.9937106918238994,0.0635974573941756,H:1580;Y:5;N:4;Q:1,Critical
408,H,H,0.015527950310559006,1585,0.9993690851735015,0.007616723634907429,H:1584;T:1,Critical
409,R,R,0.019254658385093167,1579,0.9987333755541482,0.015283820689474,R:1577;N:1;S:1,Critical
410,R,R,0.016770186335403725,1583,0.917877447883765,0.4256249815455302,R:1453;S:127;T:1;K:1;N:1,Conserved
411,T,A,0.018012422360248446,1581,0.9974699557242251,0.027523765301572526,A:1577;S:3;D:1,Critical
412,D,D,0.019254658385093167,1579,0.9981000633312223,0.02165823770745106,D:1576;G:2;K:1,Critical
413,N,N,0.01987577639751553,1578,0.9987325728770595,0.0152923471343401,N:1576;D:1;T:1,Critical
414,D,D,0.02111801242236025,1576,0.9974619289340102,0.029347498675583457,D:1572;G:2;S:1;N:1,Critical
415,S,S,0.02236024844720497,1574,1.0,0.0,S:1574,Critical
416,T,T,0.02360248447204969,1572,1.0,0.0,T:1572,Critical
417,A,A,0.021739130434782608,1575,1.0,0.0,A:1575,Critical
418,S,S,0.02298136645962733,1573,1.0,0.0,S:1573,Critical
419,D,D,0.02298136645962733,1573,0.9866497139224412,0.10595057590381807,D:1552;E:20;T:1,Critical
420,T,T,0.02298136645962733,1573,0.9987285441830897,0.015335130891095158,T:1571;D:1;A:1,Critical
421,P,P,0.2732919254658385,1170,0.9991452991452991,0.009943906960077763,P:1169;R:1,Conserved
422,S,P,0.02857142857142857,1564,0.9987212276214834,0.014134011515938108,P:1562;L:2,Critical
423,A,A,0.024844720496894408,1570,0.9993630573248408,0.007680754350361925,A:1569;H:1,Critical
424,T,T,0.024844720496894408,1570,0.9987261146496815,0.015360923032080767,T:1568;P:1;A:1,Critical
425,T,T,0.02360248447204969,1572,0.9987277353689568,0.015343718077300277,T:1570;G:1;S:1,Critical
426,A,A,0.02422360248447205,1571,1.0,0.0,A:1571,Critical
427,A,A,0.02422360248447205,1571,1.0,0.0,A:1571,Critical
428,G,G,0.02360248447204969,1572,1.0,0.0,G:1572,Critical
429,P,P,0.024844720496894408,1570,1.0,0.0,P:1570,Critical
430,P,L,0.02236024844720497,1574,0.9987293519695044,0.014055905843871863,L:1572;S:2,Critical
431,K,K,0.019254658385093167,1579,0.9835338822039266,0.1275523249794348,K:1553;T:24;L:2,Critical
432,A,A,0.018633540372670808,1580,0.9993670886075949,0.007637941290215825,A:1579;T:1,Critical
433,E,E,0.018633540372670808,1580,0.9993670886075949,0.007637941290215825,E:1579;L:1,Critical
434,N,N,0.018633540372670808,1580,0.9974683544303797,0.027538871567368794,N:1576;S:3;A:1,Critical
435,T,T,0.018012422360248446,1581,1.0,0.0,T:1581,Critical
436,N,N,0.017391304347826087,1582,1.0,0.0,N:1582,Critical
437,T,T,0.017391304347826087,1582,1.0,0.0,T:1582,Critical
438,S,S,0.017391304347826087,1582,0.9993678887484198,0.0076294392271633055,S:1581;K:1,Critical
439,K,K,0.016770186335403725,1583,0.9633607075173721,0.23126938094751143,K:1525;E:57;S:1,Critical
440,S,S,0.016770186335403725,1583,0.9974731522425774,0.027493605642248994,S:1579;G:3;N:1,Critical
441,T,A,0.016149068322981366,1584,0.9993686868686869,0.007620957177363593,A:1583;T:1,Critical
442,D,D,0.014906832298136646,1586,1.0,0.0,D:1586,Critical
443,F,S,0.014906832298136646,1586,0.9987389659520807,0.015224416229765603,S:1584;A:1;N:1,Critical
444,L,L,0.013664596273291925,1588,1.0,0.0,L:1588,Critical
445,D,D,0.013664596273291925,1588,1.0,0.0,D:1588,Critical
446,P,L,0.014906832298136646,1586,0.9993694829760403,0.007612495068776811,L:1585;S:1,Critical
447,A,A,0.014906832298136646,1586,0.9987389659520807,0.015224416229765603,A:1584;D:1;T:1,Critical
448,T,T,0.014285714285714285,1587,0.9949590422180214,0.05107708718449439,T:1579;A:6;L:1;S:1,Critical
449,T,T,0.013664596273291925,1588,0.9993702770780857,0.007604052829712321,T:1587;D:1,Critical
450,T,T,0.013043478260869565,1589,1.0,0.0,T:1589,Critical
451,S,S,0.013043478260869565,1589,0.9968533668974198,0.03374244414507975,S:1584;T:3;P:2,Critical
452,P,P,0.011180124223602485,1592,0.9993718592964824,0.007587227675120605,P:1591;L:1,Critical
453,Q,Q,0.011801242236024845,1591,1.0,0.0,Q:1591,Critical
454,N,N,0.011801242236024845,1591,1.0,0.0,N:1591,Critical
455,H,Y,0.011180124223602485,1592,0.9987437185929648,0.015173885761594062,Y:1590;H:1;C:1,Critical
456,S,S,0.011180124223602485,1592,0.9993718592964824,0.007587227675120605,S:1591;A:1,Critical
457,E,E,0.011801242236024845,1591,0.9993714644877436,0.007591426570500092,E:1590;T:1,Critical
458,T,T,0.010559006211180125,1593,1.0,0.0,T:1593,Critical
459,A,A,0.010559006211180125,1593,1.0,0.0,A:1593,Critical
460,G,G,0.010559006211180125,1593,0.9987445072190835,0.015165498514200642,G:1591;A:1;D:1,Critical
461,N,N,0.010559006211180125,1593,0.9993722536095417,0.0075830336938666545,N:1592;G:1,Critical
462,N,N,0.011180124223602485,1592,0.9987437185929648,0.015173885761594062,N:1590;P:1;Y:1,Critical
463,N,N,0.009316770186335404,1595,1.0,0.0,N:1595,Critical
464,T,T,0.009316770186335404,1595,1.0,0.0,T:1595,Critical
465,H,H,0.009316770186335404,1595,0.9993730407523511,0.007574660438556455,H:1594;N:1,Critical
466,H,H,0.008074534161490683,1597,0.9987476518472135,0.015132047442347522,H:1595;N:1;S:1,Critical
467,Q,Q,0.008074534161490683,1597,0.9974953036944271,0.02900948120596113,Q:1593;R:2;H:1;K:1,Critical
468,D,D,0.009316770186335404,1595,0.9993730407523511,0.007574660438556455,D:1594;R:1,Critical
469,T,T,0.008695652173913044,1596,0.9981203007518797,0.021456610044514567,T:1593;P:2;A:1,Critical
470,G,G,0.009316770186335404,1595,0.9993730407523511,0.007574660438556455,G:1594;D:1,Critical
471,E,E,0.009937888198757764,1594,0.9993726474278545,0.007578844617938171,E:1593;N:1,Critical
472,E,E,0.008695652173913044,1596,0.9981203007518797,0.022709742876594767,E:1593;K:1;D:1;G:1,Critical
473,S,S,0.009316770186335404,1595,1.0,0.0,S:1595,Critical
474,A,A,0.008695652173913044,1596,0.9993734335839599,0.007570481146963806,A:1595;T:1,Critical
475,S,S,0.008074534161490683,1597,0.9993738259236068,0.007566306734423636,S:1596;A:1,Critical
476,S,S,0.008695652173913044,1596,1.0,0.0,S:1596,Critical
477,G,G,0.009937888198757764,1594,0.9993726474278545,0.007578844617938171,G:1593;D:1,Critical
478,K,K,0.010559006211180125,1593,1.0,0.0,K:1593,Critical
479,L,L,0.011180124223602485,1592,0.9981155778894473,0.021503692494153293,L:1589;P:2;G:1,Critical
480,G,G,0.012422360248447204,1590,0.9578616352201258,0.2601718345824123,G:1523;D:65;S:2,Critical
481,L,L,0.011180124223602485,1592,0.9981155778894473,0.01977323552043252,L:1589;S:3,Critical
482,I,I,0.011180124223602485,1592,1.0,0.0,I:1592,Critical
483,T,T,0.009316770186335404,1595,0.9993730407523511,0.007574660438556455,T:1594;N:1,Critical
484,N,N,0.009937888198757764,1594,0.9968632371392723,0.032869717343798725,N:1589;K:4;D:1,Critical
485,T,T,0.009316770186335404,1595,0.9968652037617555,0.030588852697706375,T:1590;A:5,Critical
486,I,I,0.010559006211180125,1593,1.0,0.0,I:1593,Critical
487,A,A,0.009316770186335404,1595,1.0,0.0,A:1595,Critical
488,G,G,0.009316770186335404,1595,1.0,0.0,G:1595,Critical
489,V,V,0.009937888198757764,1594,1.0,0.0,V:1594,Critical
490,A,A,0.008074534161490683,1597,1.0,0.0,A:1597,Critical
491,G,G,0.008074534161490683,1597,1.0,0.0,G:1597,Critical
492,L,L,0.008695652173913044,1596,1.0,0.0,L:1596,Critical
493,I,I,0.009937888198757764,1594,0.9993726474278545,0.007578844617938171,I:1593;T:1,Critical
494,T,T,0.008074534161490683,1597,0.9993738259236068,0.007566306734423636,T:1596;I:1,Critical
495,G,G,0.008074534161490683,1597,0.9993738259236068,0.007566306734423636,G:1596;A:1,Critical
496,G,G,0.009316770186335404,1595,1.0,0.0,G:1595,Critical
497,R,R,0.009316770186335404,1595,0.9993730407523511,0.007574660438556455,R:1594;I:1,Critical
498,R,R,0.008695652173913044,1596,1.0,0.0,R:1596,Critical
499,T,T,0.009316770186335404,1595,1.0,0.0,T:1595,Critical
500,R,R,0.008074534161490683,1597,1.0,0.0,R:1597,Critical
501,R,R,0.007453416149068323,1598,0.9993742177722152,0.007562137192220562,R:1597;N:1,Critical
502,E,E,0.008695652173913044,1596,1.0,0.0,E:1596,Critical
503,A,V,0.009316770186335404,1595,0.9993730407523511,0.007574660438556455,V:1594;A:1,Critical
504,I,I,0.008695652173913044,1596,1.0,0.0,I:1596,Critical
505,V,V,0.008695652173913044,1596,1.0,0.0,V:1596,Critical
506,N,N,0.008695652173913044,1596,1.0,0.0,N:1596,Critical
507,A,A,0.008695652173913044,1596,1.0,0.0,A:1596,Critical
508,Q,Q,0.008695652173913044,1596,1.0,0.0,Q:1596,Critical
509,P,P,0.008695652173913044,1596,1.0,0.0,P:1596,Critical
510,K,K,0.007453416149068323,1598,1.0,0.0,K:1598,Critical
511,C,C,0.0068322981366459624,1599,1.0,0.0,C:1599,Critical
512,N,N,0.0068322981366459624,1599,1.0,0.0,N:1599,Critical
513,P,P,0.008074534161490683,1597,1.0,0.0,P:1597,Critical
514,N,N,0.0068322981366459624,1599,1.0,0.0,N:1599,Critical
515,L,L,0.0068322981366459624,1599,1.0,0.0,L:1599,Critical
516,H,H,0.006211180124223602,1600,1.0,0.0,H:1600,Critical
517,Y,Y,0.0055900621118012426,1601,1.0,0.0,Y:1601,Critical
518,W,W,0.006211180124223602,1600,1.0,0.0,W:1600,Critical
519,T,T,0.0055900621118012426,1601,1.0,0.0,T:1601,Critical
520,T,T,0.0055900621118012426,1601,1.0,0.0,T:1601,Critical
521,Q,Q,0.0055900621118012426,1601,0.9993753903810119,0.007549657700791915,Q:1600;H:1,Critical
522,D,D,0.08136645962732919,1479,1.0,0.0,D:1479,Critical
523,E,E,0.08198757763975155,1478,1.0,0.0,E:1478,Critical
524,G,G,0.08198757763975155,1478,0.9979702300405954,0.021080577672133217,G:1475;D:3,Critical
525,A,A,0.08198757763975155,1478,1.0,0.0,A:1478,Critical
526,A,A,0.08198757763975155,1478,1.0,0.0,A:1478,Critical
527,I,I,0.08260869565217391,1477,0.998645903859174,0.014854667483519988,I:1475;T:2,Critical
528,G,G,0.08260869565217391,1477,1.0,0.0,G:1477,Critical
529,L,L,0.003105590062111801,1605,0.9993769470404984,0.007533086038517781,L:1604;G:1,Critical
530,A,A,0.003105590062111801,1605,1.0,0.0,A:1605,Critical
531,W,W,0.003105590062111801,1605,1.0,0.0,W:1605,Critical
532,I,I,0.08074534161490683,1480,1.0,0.0,I:1480,Critical
533,P,P,0.08136645962732919,1479,1.0,0.0,P:1479,Critical
534,Y,Y,0.08136645962732919,1479,1.0,0.0,Y:1479,Critical
535,F,F,0.08198757763975155,1478,1.0,0.0,F:1478,Critical
536,G,G,0.08260869565217391,1477,1.0,0.0,G:1477,Critical
537,P,P,0.12422360248447205,1410,1.0,0.0,P:1410,Conserved
538,A,A,0.08136645962732919,1479,0.9993238674780257,0.00809507338844491,A:1478;Y:1,Critical
539,A,A,0.0055900621118012426,1601,1.0,0.0,A:1601,Critical
540,E,E,0.004968944099378882,1602,0.9993757802746567,0.007545507553199908,E:1601;A:1,Critical
541,G,G,0.004968944099378882,1602,1.0,0.0,G:1602,Critical
542,I,I,0.004968944099378882,1602,0.9987515605493134,0.013842013158048753,I:1600;V:2,Critical
543,Y,Y,0.004968944099378882,1602,1.0,0.0,Y:1602,Critical
544,I,T,0.004968944099378882,1602,0.9993757802746567,0.007545507553199908,T:1601;M:1,Critical
545,E,E,0.004347826086956522,1603,0.9987523393636931,0.015082162669502838,E:1601;D:1;N:1,Critical
546,G,G,0.004347826086956522,1603,0.9993761696818465,0.0075413622326805894,G:1602;L:1,Critical
547,L,L,0.004968944099378882,1602,0.9993757802746567,0.007545507553199908,L:1601;I:1,Critical
548,M,M,0.004968944099378882,1602,0.9993757802746567,0.007545507553199908,M:1601;L:1,Critical
549,H,H,0.0055900621118012426,1601,1.0,0.0,H:1601,Critical
550,N,N,0.006211180124223602,1600,1.0,0.0,N:1600,Critical
551,Q,Q,0.006211180124223602,1600,1.0,0.0,Q:1600,Critical
552,D,D,0.0055900621118012426,1601,1.0,0.0,D:1601,Critical
553,G,G,0.004968944099378882,1602,1.0,0.0,G:1602,Critical
554,L,L,0.004968944099378882,1602,1.0,0.0,L:1602,Critical
555,I,I,0.004968944099378882,1602,1.0,0.0,I:1602,Critical
556,C,C,0.004968944099378882,1602,1.0,0.0,C:1602,Critical
557,G,G,0.004347826086956522,1603,1.0,0.0,G:1603,Critical
558,L,L,0.004347826086956522,1603,1.0,0.0,L:1603,Critical
559,R,R,0.004347826086956522,1603,1.0,0.0,R:1603,Critical
560,Q,Q,0.0037267080745341614,1604,1.0,0.0,Q:1604,Critical
561,L,L,0.004347826086956522,1603,1.0,0.0,L:1603,Critical
562,A,A,0.0037267080745341614,1604,0.9993765586034913,0.00753722173064315,A:1603;D:1,Critical
563,N,N,0.0037267080745341614,1604,1.0,0.0,N:1604,Critical
564,E,E,0.0037267080745341614,1604,1.0,0.0,E:1604,Critical
565,T,T,0.003105590062111801,1605,1.0,0.0,T:1605,Critical
566,T,T,0.0037267080745341614,1604,1.0,0.0,T:1604,Critical
567,Q,Q,0.0037267080745341614,1604,1.0,0.0,Q:1604,Critical
568,A,A,0.003105590062111801,1605,0.9993769470404984,0.007533086038517781,A:1604;T:1,Critical
569,L,L,0.003105590062111801,1605,1.0,0.0,L:1605,Critical
570,Q,Q,0.002484472049689441,1606,1.0,0.0,Q:1606,Critical
571,L,L,0.0037267080745341614,1604,0.9993765586034913,0.00753722173064315,L:1603;R:1,Critical
572,F,F,0.003105590062111801,1605,1.0,0.0,F:1605,Critical
573,L,L,0.002484472049689441,1606,0.9993773349937733,0.007528955147754657,L:1605;P:1,Critical
574,R,R,0.0055900621118012426,1601,1.0,0.0,R:1601,Critical
575,A,A,0.003105590062111801,1605,1.0,0.0,A:1605,Critical
576,T,T,0.003105590062111801,1605,0.9993769470404984,0.007533086038517781,T:1604;A:1,Critical
577,T,T,0.0018633540372670807,1607,1.0,0.0,T:1607,Critical
578,E,E,0.0018633540372670807,1607,1.0,0.0,E:1607,Critical
579,L,L,0.0018633540372670807,1607,1.0,0.0,L:1607,Critical
580,R,R,0.0018633540372670807,1607,1.0,0.0,R:1607,Critical
581,T,T,0.002484472049689441,1606,1.0,0.0,T:1606,Critical
582,F,F,0.0055900621118012426,1601,1.0,0.0,F:1601,Critical
583,S,S,0.0018633540372670807,1607,1.0,0.0,S:1607,Critical
584,I,I,0.0018633540372670807,1607,1.0,0.0,I:1607,Critical
585,L,L,0.0018633540372670807,1607,1.0,0.0,L:1607,Critical
586,N,N,0.0037267080745341614,1604,1.0,0.0,N:1604,Critical
587,R,R,0.002484472049689441,1606,1.0,0.0,R:1606,Critical
588,K,K,0.002484472049689441,1606,1.0,0.0,K:1606,Critical
589,A,A,0.003105590062111801,1605,1.0,0.0,A:1605,Critical
590,I,I,0.002484472049689441,1606,1.0,0.0,I:1606,Critical
591,D,D,0.002484472049689441,1606,1.0,0.0,D:1606,Critical
592,F,F,0.002484472049689441,1606,1.0,0.0,F:1606,Critical
593,L,L,0.002484472049689441,1606,1.0,0.0,L:1606,Critical
594,L,L,0.002484472049689441,1606,1.0,0.0,L:1606,Critical
595,Q,Q,0.002484472049689441,1606,1.0,0.0,Q:1606,Critical
596,R,R,0.002484472049689441,1606,1.0,0.0,R:1606,Critical
597,W,W,0.003105590062111801,1605,1.0,0.0,W:1605,Critical
598,G,G,0.003105590062111801,1605,1.0,0.0,G:1605,Critical
599,G,G,0.002484472049689441,1606,1.0,0.0,G:1606,Critical
600,T,T,0.004968944099378882,1602,1.0,0.0,T:1602,Critical
601,C,C,0.0037267080745341614,1604,1.0,0.0,C:1604,Critical
602,H,H,0.004347826086956522,1603,1.0,0.0,H:1603,Critical
603,I,I,0.004347826086956522,1603,1.0,0.0,I:1603,Critical
604,L,L,0.0037267080745341614,1604,1.0,0.0,L:1604,Critical
605,G,G,0.0037267080745341614,1604,1.0,0.0,G:1604,Critical
606,P,P,0.004347826086956522,1603,1.0,0.0,P:1603,Critical
607,D,D,0.0037267080745341614,1604,1.0,0.0,D:1604,Critical
608,C,C,0.0037267080745341614,1604,1.0,0.0,C:1604,Critical
609,C,C,0.0037267080745341614,1604,1.0,0.0,C:1604,Critical
610,I,I,0.004347826086956522,1603,1.0,0.0,I:1603,Critical
611,E,E,0.003105590062111801,1605,1.0,0.0,E:1605,Critical
612,P,P,0.0037267080745341614,1604,1.0,0.0,P:1604,Critical
613,H,H,0.003105590062111801,1605,1.0,0.0,H:1605,Critical
614,D,D,0.003105590062111801,1605,1.0,0.0,D:1605,Critical
615,W,W,0.0037267080745341614,1604,1.0,0.0,W:1604,Critical
616,T,T,0.0037267080745341614,1604,1.0,0.0,T:1604,Critical
617,K,K,0.002484472049689441,1606,1.0,0.0,K:1606,Critical
618,N,N,0.002484472049689441,1606,1.0,0.0,N:1606,Critical
619,I,I,0.0037267080745341614,1604,1.0,0.0,I:1604,Critical
620,T,T,0.003105590062111801,1605,1.0,0.0,T:1605,Critical
621,D,D,0.002484472049689441,1606,1.0,0.0,D:1606,Critical
622,K,K,0.004347826086956522,1603,1.0,0.0,K:1603,Critical
623,I,I,0.0018633540372670807,1607,1.0,0.0,I:1607,Critical
624,D,D,0.0018633540372670807,1607,1.0,0.0,D:1607,Critical
625,Q,Q,0.0018633540372670807,1607,1.0,0.0,Q:1607,Critical
626,I,I,0.0018633540372670807,1607,1.0,0.0,I:1607,Critical
627,I,I,0.0018633540372670807,1607,1.0,0.0,I:1607,Critical
628,H,H,0.0018633540372670807,1607,1.0,0.0,H:1607,Critical
629,D,D,0.0018633540372670807,1607,1.0,0.0,D:1607,Critical
630,F,F,0.0037267080745341614,1604,1.0,0.0,F:1604,Critical
631,V,V,0.002484472049689441,1606,1.0,0.0,V:1606,Critical
632,D,D,0.002484472049689441,1606,0.9987546699875467,0.013812020584753996,D:1604;N:2,Critical
633,K,K,0.002484472049689441,1606,1.0,0.0,K:1606,Critical
634,T,T,0.002484472049689441,1606,0.9993773349937733,0.007528955147754657,T:1605;L:1,Critical
635,L,L,0.004347826086956522,1603,1.0,0.0,L:1603,Critical
636,P,P,0.002484472049689441,1606,1.0,0.0,P:1606,Critical
637,D,D,0.003105590062111801,1605,0.9968847352024922,0.030426401876334434,D:1600;G:5,Critical
638,Q,Q,0.002484472049689441,1606,0.9987546699875467,0.015057350597207296,Q:1604;L:1;R:1,Critical
639,G,G,0.0037267080745341614,1604,1.0,0.0,G:1604,Critical
640,D,D,0.003105590062111801,1605,0.9975077881619938,0.025144556702171736,D:1601;G:4,Critical
641,N,N,0.002484472049689441,1606,0.9993773349937733,0.007528955147754657,N:1605;D:1,Critical
642,D,D,0.002484472049689441,1606,1.0,0.0,D:1606,Critical
643,N,N,0.002484472049689441,1606,1.0,0.0,N:1606,Critical
644,W,W,0.002484472049689441,1606,1.0,0.0,W:1606,Critical
645,W,W,0.003105590062111801,1605,1.0,0.0,W:1605,Critical
646,T,T,0.003105590062111801,1605,1.0,0.0,T:1605,Critical
647,G,G,0.0018633540372670807,1607,1.0,0.0,G:1607,Critical
648,W,W,0.0018633540372670807,1607,1.0,0.0,W:1607,Critical
649,R,R,0.0018633540372670807,1607,1.0,0.0,R:1607,Critical
650,Q,Q,0.002484472049689441,1606,1.0,0.0,Q:1606,Critical
651,W,W,0.0012422360248447205,1608,1.0,0.0,W:1608,Critical
652,I,I,0.0018633540372670807,1607,1.0,0.0,I:1607,Critical
653,P,P,0.0018633540372670807,1607,1.0,0.0,P:1607,Critical
654,A,A,0.0018633540372670807,1607,1.0,0.0,A:1607,Critical
655,G,G,0.0018633540372670807,1607,1.0,0.0,G:1607,Critical
656,I,I,0.0018633540372670807,1607,1.0,0.0,I:1607,Critical
657,G,G,0.0018633540372670807,1607,1.0,0.0,G:1607,Critical
658,V,V,0.002484472049689441,1606,0.9993773349937733,0.007528955147754657,V:1605;I:1,Critical
659,T,T,0.0018633540372670807,1607,0.9993777224642191,0.007524829049824867,T:1606;A:1,Critical
660,G,G,0.0018633540372670807,1607,1.0,0.0,G:1607,Critical
661,V,V,0.002484472049689441,1606,1.0,0.0,V:1606,Critical
662,I,I,0.0018633540372670807,1607,1.0,0.0,I:1607,Critical
663,I,I,0.0012422360248447205,1608,1.0,0.0,I:1608,Critical
664,A,A,0.0012422360248447205,1608,1.0,0.0,A:1608,Critical
665,V,V,0.0012422360248447205,1608,1.0,0.0,V:1608,Critical
666,I,I,0.0012422360248447205,1608,1.0,0.0,I:1608,Critical
667,A,A,0.0012422360248447205,1608,1.0,0.0,A:1608,Critical
668,L,L,0.0012422360248447205,1608,1.0,0.0,L:1608,Critical
669,F,F,0.0012422360248447205,1608,1.0,0.0,F:1608,Critical
670,C,C,0.0012422360248447205,1608,1.0,0.0,C:1608,Critical
671,I,I,0.002484472049689441,1606,1.0,0.0,I:1606,Critical
672,C,C,0.0012422360248447205,1608,1.0,0.0,C:1608,Critical
673,K,K,0.0012422360248447205,1608,1.0,0.0,K:1608,Critical
674,F,F,0.0012422360248447205,1608,0.9993781094527363,0.007520707736219858,F:1607;V:1,Critical
675,V,V,0.0018633540372670807,1607,1.0,0.0,V:1607,Critical
676,F,F,0.002484472049689441,1606,1.0,0.0,F:1606,Critical
