ref_pos,ref_aa,consensus_aa,gap_rate,nongap_count,conservation,entropy,top_aas,site_category
1,M,M,0.0037267080745341,1604,1.0,0.0,M:1604,Critical
415,S,S,0.0223602484472049,1574,1.0,0.0,S:1574,Critical
450,T,T,0.0130434782608695,1589,1.0,0.0,T:1589,Critical
445,D,D,0.0136645962732919,1588,1.0,0.0,D:1588,Critical
444,L,L,0.0136645962732919,1588,1.0,0.0,L:1588,Critical
442,D,D,0.0149068322981366,1586,1.0,0.0,D:1586,Critical
437,T,T,0.017391304347826,1582,1.0,0.0,T:1582,Critical
436,N,N,0.017391304347826,1582,1.0,0.0,N:1582,Critical
435,T,T,0.0180124223602484,1581,1.0,0.0,T:1581,Critical
429,P,P,0.0248447204968944,1570,1.0,0.0,P:1570,Critical
428,G,G,0.0236024844720496,1572,1.0,0.0,G:1572,Critical
427,A,A,0.024223602484472,1571,1.0,0.0,A:1571,Critical
426,A,A,0.024223602484472,1571,1.0,0.0,A:1571,Critical
418,S,S,0.0229813664596273,1573,1.0,0.0,S:1573,Critical
417,A,A,0.0217391304347826,1575,1.0,0.0,A:1575,Critical
416,T,T,0.0236024844720496,1572,1.0,0.0,T:1572,Critical
398,I,I,0.0099378881987577,1594,1.0,0.0,I:1594,Critical
358,R,R,0.0043478260869565,1603,1.0,0.0,R:1603,Critical
397,D,D,0.0093167701863354,1595,1.0,0.0,D:1595,Critical
396,L,L,0.008695652173913,1596,1.0,0.0,L:1596,Critical
393,V,V,0.0080745341614906,1597,1.0,0.0,V:1597,Critical
387,S,S,0.0043478260869565,1603,1.0,0.0,S:1603,Critical
386,N,N,0.0049689440993788,1602,1.0,0.0,N:1602,Critical
382,P,T,0.0049689440993788,1602,1.0,0.0,T:1602,Critical
373,T,T,0.0043478260869565,1603,1.0,0.0,T:1603,Critical
372,S,S,0.0043478260869565,1603,1.0,0.0,S:1603,Critical
369,A,A,0.0043478260869565,1603,1.0,0.0,A:1603,Critical
366,T,T,0.0037267080745341,1604,1.0,0.0,T:1604,Critical
365,L,L,0.0037267080745341,1604,1.0,0.0,L:1604,Critical
364,H,H,0.0037267080745341,1604,1.0,0.0,H:1604,Critical
362,V,V,0.0049689440993788,1602,1.0,0.0,V:1602,Critical
361,A,A,0.0049689440993788,1602,1.0,0.0,A:1602,Critical
453,Q,Q,0.0118012422360248,1591,1.0,0.0,Q:1591,Critical
454,N,N,0.0118012422360248,1591,1.0,0.0,N:1591,Critical
458,T,T,0.0105590062111801,1593,1.0,0.0,T:1593,Critical
459,A,A,0.0105590062111801,1593,1.0,0.0,A:1593,Critical
514,N,N,0.0068322981366459,1599,1.0,0.0,N:1599,Critical
513,P,P,0.0080745341614906,1597,1.0,0.0,P:1597,Critical
512,N,N,0.0068322981366459,1599,1.0,0.0,N:1599,Critical
511,C,C,0.0068322981366459,1599,1.0,0.0,C:1599,Critical
510,K,K,0.0074534161490683,1598,1.0,0.0,K:1598,Critical
509,P,P,0.008695652173913,1596,1.0,0.0,P:1596,Critical
508,Q,Q,0.008695652173913,1596,1.0,0.0,Q:1596,Critical
507,A,A,0.008695652173913,1596,1.0,0.0,A:1596,Critical
506,N,N,0.008695652173913,1596,1.0,0.0,N:1596,Critical
505,V,V,0.008695652173913,1596,1.0,0.0,V:1596,Critical
504,I,I,0.008695652173913,1596,1.0,0.0,I:1596,Critical
502,E,E,0.008695652173913,1596,1.0,0.0,E:1596,Critical
500,R,R,0.0080745341614906,1597,1.0,0.0,R:1597,Critical
499,T,T,0.0093167701863354,1595,1.0,0.0,T:1595,Critical
498,R,R,0.008695652173913,1596,1.0,0.0,R:1596,Critical
496,G,G,0.0093167701863354,1595,1.0,0.0,G:1595,Critical
492,L,L,0.008695652173913,1596,1.0,0.0,L:1596,Critical
491,G,G,0.0080745341614906,1597,1.0,0.0,G:1597,Critical
490,A,A,0.0080745341614906,1597,1.0,0.0,A:1597,Critical
489,V,V,0.0099378881987577,1594,1.0,0.0,V:1594,Critical
488,G,G,0.0093167701863354,1595,1.0,0.0,G:1595,Critical
487,A,A,0.0093167701863354,1595,1.0,0.0,A:1595,Critical
486,I,I,0.0105590062111801,1593,1.0,0.0,I:1593,Critical
482,I,I,0.0111801242236024,1592,1.0,0.0,I:1592,Critical
478,K,K,0.0105590062111801,1593,1.0,0.0,K:1593,Critical
476,S,S,0.008695652173913,1596,1.0,0.0,S:1596,Critical
473,S,S,0.0093167701863354,1595,1.0,0.0,S:1595,Critical
464,T,T,0.0093167701863354,1595,1.0,0.0,T:1595,Critical
463,N,N,0.0093167701863354,1595,1.0,0.0,N:1595,Critical
360,A,A,0.0043478260869565,1603,1.0,0.0,A:1603,Critical
357,G,G,0.0043478260869565,1603,1.0,0.0,G:1603,Critical
516,H,H,0.0062111801242236,1600,1.0,0.0,H:1600,Critical
292,E,E,0.0037267080745341,1604,1.0,0.0,E:1604,Critical
313,N,N,0.0043478260869565,1603,1.0,0.0,N:1603,Critical
312,S,S,0.0043478260869565,1603,1.0,0.0,S:1603,Critical
311,V,V,0.0043478260869565,1603,1.0,0.0,V:1603,Critical
310,V,A,0.0043478260869565,1603,1.0,0.0,A:1603,Critical
309,T,T,0.0043478260869565,1603,1.0,0.0,T:1603,Critical
308,F,F,0.0037267080745341,1604,1.0,0.0,F:1604,Critical
307,S,S,0.0037267080745341,1604,1.0,0.0,S:1604,Critical
306,L,L,0.0043478260869565,1603,1.0,0.0,L:1603,Critical
305,E,E,0.0031055900621118,1605,1.0,0.0,E:1605,Critical
304,E,E,0.0031055900621118,1605,1.0,0.0,E:1605,Critical
303,S,S,0.0031055900621118,1605,1.0,0.0,S:1605,Critical
302,R,R,0.0031055900621118,1605,1.0,0.0,R:1605,Critical
298,T,T,0.0031055900621118,1605,1.0,0.0,T:1605,Critical
293,T,T,0.0037267080745341,1604,1.0,0.0,T:1604,Critical
290,F,F,0.0024844720496894,1606,1.0,0.0,F:1606,Critical
354,H,H,0.0031055900621118,1605,1.0,0.0,H:1605,Critical
288,W,W,0.0043478260869565,1603,1.0,0.0,W:1603,Critical
287,E,E,0.0055900621118012,1601,1.0,0.0,E:1601,Critical
285,I,I,0.0043478260869565,1603,1.0,0.0,I:1603,Critical
284,T,T,0.0049689440993788,1602,1.0,0.0,T:1602,Critical
283,T,T,0.0049689440993788,1602,1.0,0.0,T:1602,Critical
282,D,D,0.0049689440993788,1602,1.0,0.0,D:1602,Critical
281,I,I,0.0049689440993788,1602,1.0,0.0,I:1602,Critical
280,E,E,0.0049689440993788,1602,1.0,0.0,E:1602,Critical
279,P,P,0.0068322981366459,1599,1.0,0.0,P:1599,Critical
278,N,N,0.0049689440993788,1602,1.0,0.0,N:1602,Critical
277,V,V,0.0049689440993788,1602,1.0,0.0,V:1602,Critical
276,K,K,0.0062111801242236,1600,1.0,0.0,K:1600,Critical
275,W,W,0.0055900621118012,1601,1.0,0.0,W:1601,Critical
274,I,I,0.0049689440993788,1602,1.0,0.0,I:1602,Critical
315,A,P,0.0037267080745341,1604,1.0,0.0,P:1604,Critical
317,N,N,0.0037267080745341,1604,1.0,0.0,N:1604,Critical
318,I,I,0.0037267080745341,1604,1.0,0.0,I:1604,Critical
319,S,S,0.0031055900621118,1605,1.0,0.0,S:1605,Critical
353,V,V,0.0055900621118012,1601,1.0,0.0,V:1601,Critical
351,V,V,0.0037267080745341,1604,1.0,0.0,V:1604,Critical
350,M,M,0.0037267080745341,1604,1.0,0.0,M:1604,Critical
349,A,A,0.0037267080745341,1604,1.0,0.0,A:1604,Critical
348,S,S,0.0037267080745341,1604,1.0,0.0,S:1604,Critical
347,S,S,0.0037267080745341,1604,1.0,0.0,S:1604,Critical
346,N,N,0.0037267080745341,1604,1.0,0.0,N:1604,Critical
345,E,E,0.0037267080745341,1604,1.0,0.0,E:1604,Critical
344,S,S,0.0037267080745341,1604,1.0,0.0,S:1604,Critical
343,A,A,0.0037267080745341,1604,1.0,0.0,A:1604,Critical
342,M,M,0.0037267080745341,1604,1.0,0.0,M:1604,Critical
340,K,K,0.0062111801242236,1600,1.0,0.0,K:1600,Critical
339,H,H,0.0049689440993788,1602,1.0,0.0,H:1602,Critical
2,G,G,0.0049689440993788,1602,1.0,0.0,G:1602,Critical
337,E,E,0.0037267080745341,1604,1.0,0.0,E:1604,Critical
336,T,N,0.0037267080745341,1604,1.0,0.0,N:1604,Critical
335,T,T,0.0037267080745341,1604,1.0,0.0,T:1604,Critical
334,T,T,0.0037267080745341,1604,1.0,0.0,T:1604,Critical
333,N,N,0.0037267080745341,1604,1.0,0.0,N:1604,Critical
332,T,T,0.0043478260869565,1603,1.0,0.0,T:1603,Critical
331,G,E,0.0037267080745341,1604,1.0,0.0,E:1604,Critical
328,S,S,0.0037267080745341,1604,1.0,0.0,S:1604,Critical
327,S,S,0.0037267080745341,1604,1.0,0.0,S:1604,Critical
326,T,T,0.0043478260869565,1603,1.0,0.0,T:1603,Critical
325,R,R,0.0043478260869565,1603,1.0,0.0,R:1603,Critical
324,A,A,0.0037267080745341,1604,1.0,0.0,A:1604,Critical
323,P,P,0.0049689440993788,1602,1.0,0.0,P:1602,Critical
322,S,S,0.0043478260869565,1603,1.0,0.0,S:1603,Critical
320,G,G,0.0031055900621118,1605,1.0,0.0,G:1605,Critical
515,L,L,0.0068322981366459,1599,1.0,0.0,L:1599,Critical
517,Y,Y,0.0055900621118012,1601,1.0,0.0,Y:1601,Critical
272,K,K,0.0049689440993788,1602,1.0,0.0,K:1602,Critical
619,I,I,0.0037267080745341,1604,1.0,0.0,I:1604,Critical
635,L,L,0.0043478260869565,1603,1.0,0.0,L:1603,Critical
633,K,K,0.0024844720496894,1606,1.0,0.0,K:1606,Critical
631,V,V,0.0024844720496894,1606,1.0,0.0,V:1606,Critical
630,F,F,0.0037267080745341,1604,1.0,0.0,F:1604,Critical
629,D,D,0.001863354037267,1607,1.0,0.0,D:1607,Critical
628,H,H,0.001863354037267,1607,1.0,0.0,H:1607,Critical
627,I,I,0.001863354037267,1607,1.0,0.0,I:1607,Critical
626,I,I,0.001863354037267,1607,1.0,0.0,I:1607,Critical
625,Q,Q,0.001863354037267,1607,1.0,0.0,Q:1607,Critical
624,D,D,0.001863354037267,1607,1.0,0.0,D:1607,Critical
623,I,I,0.001863354037267,1607,1.0,0.0,I:1607,Critical
622,K,K,0.0043478260869565,1603,1.0,0.0,K:1603,Critical
621,D,D,0.0024844720496894,1606,1.0,0.0,D:1606,Critical
620,T,T,0.0031055900621118,1605,1.0,0.0,T:1605,Critical
618,N,N,0.0024844720496894,1606,1.0,0.0,N:1606,Critical
602,H,H,0.0043478260869565,1603,1.0,0.0,H:1603,Critical
617,K,K,0.0024844720496894,1606,1.0,0.0,K:1606,Critical
616,T,T,0.0037267080745341,1604,1.0,0.0,T:1604,Critical
615,W,W,0.0037267080745341,1604,1.0,0.0,W:1604,Critical
614,D,D,0.0031055900621118,1605,1.0,0.0,D:1605,Critical
613,H,H,0.0031055900621118,1605,1.0,0.0,H:1605,Critical
612,P,P,0.0037267080745341,1604,1.0,0.0,P:1604,Critical
611,E,E,0.0031055900621118,1605,1.0,0.0,E:1605,Critical
610,I,I,0.0043478260869565,1603,1.0,0.0,I:1603,Critical
609,C,C,0.0037267080745341,1604,1.0,0.0,C:1604,Critical
608,C,C,0.0037267080745341,1604,1.0,0.0,C:1604,Critical
607,D,D,0.0037267080745341,1604,1.0,0.0,D:1604,Critical
606,P,P,0.0043478260869565,1603,1.0,0.0,P:1603,Critical
605,G,G,0.0037267080745341,1604,1.0,0.0,G:1604,Critical
604,L,L,0.0037267080745341,1604,1.0,0.0,L:1604,Critical
636,P,P,0.0024844720496894,1606,1.0,0.0,P:1606,Critical
639,G,G,0.0037267080745341,1604,1.0,0.0,G:1604,Critical
642,D,D,0.0024844720496894,1606,1.0,0.0,D:1606,Critical
643,N,N,0.0024844720496894,1606,1.0,0.0,N:1606,Critical
675,V,V,0.001863354037267,1607,1.0,0.0,V:1607,Critical
673,K,K,0.0012422360248447,1608,1.0,0.0,K:1608,Critical
672,C,C,0.0012422360248447,1608,1.0,0.0,C:1608,Critical
671,I,I,0.0024844720496894,1606,1.0,0.0,I:1606,Critical
670,C,C,0.0012422360248447,1608,1.0,0.0,C:1608,Critical
669,F,F,0.0012422360248447,1608,1.0,0.0,F:1608,Critical
668,L,L,0.0012422360248447,1608,1.0,0.0,L:1608,Critical
667,A,A,0.0012422360248447,1608,1.0,0.0,A:1608,Critical
666,I,I,0.0012422360248447,1608,1.0,0.0,I:1608,Critical
665,V,V,0.0012422360248447,1608,1.0,0.0,V:1608,Critical
664,A,A,0.0012422360248447,1608,1.0,0.0,A:1608,Critical
663,I,I,0.0012422360248447,1608,1.0,0.0,I:1608,Critical
662,I,I,0.001863354037267,1607,1.0,0.0,I:1607,Critical
661,V,V,0.0024844720496894,1606,1.0,0.0,V:1606,Critical
660,G,G,0.001863354037267,1607,1.0,0.0,G:1607,Critical
657,G,G,0.001863354037267,1607,1.0,0.0,G:1607,Critical
656,I,I,0.001863354037267,1607,1.0,0.0,I:1607,Critical
655,G,G,0.001863354037267,1607,1.0,0.0,G:1607,Critical
654,A,A,0.001863354037267,1607,1.0,0.0,A:1607,Critical
653,P,P,0.001863354037267,1607,1.0,0.0,P:1607,Critical
652,I,I,0.001863354037267,1607,1.0,0.0,I:1607,Critical
651,W,W,0.0012422360248447,1608,1.0,0.0,W:1608,Critical
650,Q,Q,0.0024844720496894,1606,1.0,0.0,Q:1606,Critical
649,R,R,0.001863354037267,1607,1.0,0.0,R:1607,Critical
648,W,W,0.001863354037267,1607,1.0,0.0,W:1607,Critical
647,G,G,0.001863354037267,1607,1.0,0.0,G:1607,Critical
646,T,T,0.0031055900621118,1605,1.0,0.0,T:1605,Critical
645,W,W,0.0031055900621118,1605,1.0,0.0,W:1605,Critical
644,W,W,0.0024844720496894,1606,1.0,0.0,W:1606,Critical
603,I,I,0.0043478260869565,1603,1.0,0.0,I:1603,Critical
